<?xml version="1.0" encoding="UTF-8"?>
<!DOCTYPE MudletPackage>
<MudletPackage version="1.001">
	<TriggerPackage>
		<TriggerGroup isActive="yes" isFolder="yes" isTempTrigger="no" isMultiline="no" isPerlSlashGOption="no" isColorizerTrigger="no" isFilterTrigger="no" isSoundTrigger="no" isColorTrigger="no" isColorTriggerFg="no" isColorTriggerBg="no">
			<name>inkmilling_v3</name>
			<script></script>
			<triggerType>0</triggerType>
			<conditonLineDelta>0</conditonLineDelta>
			<mStayOpen>0</mStayOpen>
			<mCommand></mCommand>
			<packageName>inkmilling_v3</packageName>
			<mFgColor>#ff0000</mFgColor>
			<mBgColor>#ffff00</mBgColor>
			<mSoundFile></mSoundFile>
			<colorTriggerFgColor>#000000</colorTriggerFgColor>
			<colorTriggerBgColor>#000000</colorTriggerBgColor>
			<regexCodeList />
			<regexCodePropertyList />
			<TriggerGroup isActive="yes" isFolder="yes" isTempTrigger="no" isMultiline="no" isPerlSlashGOption="no" isColorizerTrigger="no" isFilterTrigger="no" isSoundTrigger="no" isColorTrigger="no" isColorTriggerFg="no" isColorTriggerBg="no">
				<name>InkMilling</name>
				<script></script>
				<triggerType>0</triggerType>
				<conditonLineDelta>20</conditonLineDelta>
				<mStayOpen>0</mStayOpen>
				<mCommand></mCommand>
				<packageName></packageName>
				<mFgColor>#ff0000</mFgColor>
				<mBgColor>#ffff00</mBgColor>
				<mSoundFile></mSoundFile>
				<colorTriggerFgColor>#000000</colorTriggerFgColor>
				<colorTriggerBgColor>#000000</colorTriggerBgColor>
				<regexCodeList />
				<regexCodePropertyList />
				<Trigger isActive="yes" isFolder="no" isTempTrigger="no" isMultiline="no" isPerlSlashGOption="no" isColorizerTrigger="no" isFilterTrigger="no" isSoundTrigger="no" isColorTrigger="no" isColorTriggerFg="no" isColorTriggerBg="no">
					<name>Inkmilling</name>
					<script>enableTrigger("Removing Inks")
send("take group ink from mill")
</script>
					<triggerType>0</triggerType>
					<conditonLineDelta>0</conditonLineDelta>
					<mStayOpen>0</mStayOpen>
					<mCommand></mCommand>
					<packageName></packageName>
					<mFgColor>#ff0000</mFgColor>
					<mBgColor>#ffff00</mBgColor>
					<mSoundFile></mSoundFile>
					<colorTriggerFgColor>#000000</colorTriggerFgColor>
					<colorTriggerBgColor>#000000</colorTriggerBgColor>
					<regexCodeList>
						<string>With a satisfying rattle, you note that the milling is complete as the fruit of your labours drops into the opening at the base of the mill.</string>
					</regexCodeList>
					<regexCodePropertyList>
						<integer>3</integer>
					</regexCodePropertyList>
				</Trigger>
				<Trigger isActive="no" isFolder="no" isTempTrigger="no" isMultiline="no" isPerlSlashGOption="no" isColorizerTrigger="no" isFilterTrigger="no" isSoundTrigger="no" isColorTrigger="no" isColorTriggerFg="no" isColorTriggerBg="no">
					<name>Removing Inks</name>
					<script>mill.mill_ink()
send("inr all ink")
disableTrigger("Removing Inks")</script>
					<triggerType>0</triggerType>
					<conditonLineDelta>0</conditonLineDelta>
					<mStayOpen>0</mStayOpen>
					<mCommand></mCommand>
					<packageName></packageName>
					<mFgColor>#ff0000</mFgColor>
					<mBgColor>#ffff00</mBgColor>
					<mSoundFile></mSoundFile>
					<colorTriggerFgColor>#000000</colorTriggerFgColor>
					<colorTriggerBgColor>#000000</colorTriggerBgColor>
					<regexCodeList>
						<string>^An? .+ doesn't contain that\.$</string>
						<string>^You take a group of .+ inks from an? .+\.$</string>
					</regexCodeList>
					<regexCodePropertyList>
						<integer>1</integer>
						<integer>1</integer>
					</regexCodePropertyList>
				</Trigger>
			</TriggerGroup>
		</TriggerGroup>
	</TriggerPackage>
	<TimerPackage />
	<AliasPackage>
		<AliasGroup isActive="yes" isFolder="yes">
			<name>inkmilling_v3</name>
			<script></script>
			<command></command>
			<packageName>inkmilling_v3</packageName>
			<regex></regex>
			<AliasGroup isActive="yes" isFolder="yes">
				<name>Inkmilling</name>
				<script></script>
				<command></command>
				<packageName></packageName>
				<regex></regex>
				<Alias isActive="yes" isFolder="no">
					<name>Inkmilling</name>
					<script>if matches[3] == "help" then
 mill.mill_help()
elseif matches[2] == "" then
 cecho("\nHow many " .. matches[3] .. " inks are you trying to mill?")
else
 mill.mill_ink(matches[3], matches[2])
end -- if</script>
					<command></command>
					<packageName></packageName>
					<regex>^mill\s?(\d+)? (red|blue|yellow|green|purple|gold|black|help)$</regex>
				</Alias>
				<Alias isActive="yes" isFolder="no">
					<name>red/blue reagents toggle</name>
					<script>mill.mill_toggle(matches[1])</script>
					<command></command>
					<packageName></packageName>
					<regex>^(redr|bluer)$</regex>
				</Alias>
				<Alias isActive="yes" isFolder="no">
					<name>inr all reagents</name>
					<script>sendAll("inr all clay", "inr all redchitin", "inr all bladder", "inr all lumicmoss", "inr all yellowchitin", "inr all flakes", "inr all scales", "inr all horn", "inr all tooth", "inr all tongue")</script>
					<command></command>
					<packageName></packageName>
					<regex>^inrr$</regex>
				</Alias>
			</AliasGroup>
		</AliasGroup>
	</AliasPackage>
	<ActionPackage />
	<ScriptPackage>
		<ScriptGroup isActive="yes" isFolder="yes">
			<name>inkmilling_v3</name>
			<packageName>inkmilling_v3</packageName>
			<script></script>
			<eventHandlerList />
			<ScriptGroup isActive="yes" isFolder="yes">
				<name>InkMilling</name>
				<packageName></packageName>
				<script>-------------------------------------------------
--         Put your Lua functions here.        --
--                                             --
-- Note that you can also use external Scripts --
-------------------------------------------------
</script>
				<eventHandlerList />
				<Script isActive="yes" isFolder="no">
					<name>Inkmilling</name>
					<packageName></packageName>
					<script>--[[ Original Script by Sohl Vallah

INK MILLING version 3.0

MILL [#] [colour] - Mill the number and colour of your choice of ink.
BLUER - Toggle between lumic moss and ink bladders.
REDR  - Toggle between red chitins and clay.
INRR  - INR all of your reagents.
MILL HELP - Display the help file.

Enjoy!

-Sohl
--]]

mill = {

 defaults = {
  redR   = "clay",
  blueR  = "lumic moss",
  colour = "",
  numb   = 0,
 },

 table = {
   red    = { {1, function () return mill.defaults.redR end}, {1, "scales"} },
   blue   = { {1, function () return mill.defaults.blueR end}, {1, "buffalohorn"} },
   yellow = { {1, "yellowchitin"}, {1, "tooth"} },
   green  = { {2, function () return mill.defaults.blueR end}, {1, "yellowchitin"}, {2, "buffalohorn"}, {1, "tooth"} },
   purple = { {2, function () return mill.defaults.redR end}, {2, function () return mill.defaults.blueR end}, {2, "scales"}, {2, "buffalohorn"}, {1, "tongue"} },
   gold   = { {1, "flakes"}, {2, "scales"}, {2, "buffalohorn"}, {2, "tooth"}, {1, "tongue"} },
   black  = { {1, function () return mill.defaults.redR end}, {1, function () return mill.defaults.blueR end}, {1, "yellowchitin"}, {1, "flakes"}, {2, "scales"}, {2, "buffalohorn"}, {2, "tooth"}, {3, "tongue"} },
 },


 mill_ink = function (colour, num)
  if colour ~= nil then
   mill.defaults.colour = colour
   mill.defaults.numb = tonumber(num)   
  end -- if
  if mill.defaults.numb &gt; 0 then
   if mill.defaults.colour == "black" then
    cecho("\n&lt;white&gt;Milling " .. mill.defaults.numb .. " more &lt;slate_blue&gt;" .. mill.defaults.colour .. " inks&lt;white&gt;.")
   else
    cecho("\n&lt;white&gt;Milling " .. mill.defaults.numb .. " more &lt;" .. mill.defaults.colour .. "&gt;" .. mill.defaults.colour .. " inks&lt;white&gt;.")
   end -- if
   if mill.defaults.numb &gt;= 5 then
    for k,v in ipairs(mill.table[mill.defaults.colour]) do
     if type(v[2]) == "function" then
      sendAll("outr " .. (5 * v[1]) .. " " .. v[2](), "put group " .. v[2]() .. " in mill")
     else
      sendAll("outr " .. (5 * v[1]) .. " " .. v[2], "put group " .. v[2] .. " in mill")
     end -- if
    end -- for
    send("mill for 5 " .. mill.defaults.colour)
    mill.defaults.numb = mill.defaults.numb - 5
   else
    for k,v in ipairs(mill.table[mill.defaults.colour]) do
     if type(v[2]) == "function" then
      send("outr " .. (mill.defaults.numb * v[1]) .. " " .. v[2]())
      if (mill.defaults.numb * v[1]) &gt; 1 then
       send("put group " .. v[2]() .. " in mill")
      else
       send("put " .. v[2]() .. " in mill")
      end -- if
     else
      send("outr " .. (mill.defaults.numb * v[1]) .. " " .. v[2])
      if (mill.defaults.numb * v[1]) &gt; 1 then
       send("put group " .. v[2] .. " in mill")
      else
       send("put " .. v[2] .. " in mill")
      end -- if
     end -- if
    end -- for
    send("mill for " .. mill.defaults.numb .. " " .. mill.defaults.colour)
    mill.defaults.numb = 0
   end -- if    
  else
   cecho("\n&lt;white&gt;Tada! Finished milling.")
  end -- if
 end, -- function


 mill_help = function ()
  cecho("\n&lt;white&gt;Mill Commands\n-------------\nMILL [#] [colour] - Mill the number and colour of your choice of ink.\nBLUER - Toggle between blue moss and ink bladders.\nREDR  - Toggle between red chitins and clay.\nINRR  - INR all of your reagents.")
 end, -- function


 mill_toggle = function (reag)
  if reag == "bluer" then
   if mill.defaults.blueR == "lumic moss" then
    mill.defaults.blueR = "bladder" 
   else
    mill.defaults.blueR = "lumic moss"
   end -- if
   cecho("\n&lt;grey&gt;Now using &lt;blue&gt;" .. mill.defaults.blueR .. "&lt;grey&gt; reagents for your ink milling.")
  else 
   if mill.defaults.redR == "redchitin" then
    mill.defaults.redR = "clay" 
   else
    mill.defaults.redR = "redchitin"
   end -- if
   cecho("\n&lt;grey&gt;Now using &lt;red&gt;" .. mill.defaults.redR .. "&lt;grey&gt; reagents for your ink milling.")
  end -- if
 end, -- function

}</script>
					<eventHandlerList />
				</Script>
			</ScriptGroup>
		</ScriptGroup>
	</ScriptPackage>
	<KeyPackage />
	<VariablePackage>
		<HiddenVariables />
	</VariablePackage>
</MudletPackage>
